Name,Email,Mobile
Michael,michael@gmail.com,1214212212
Susan,susan@gmail.com,1012101211
Reina,reina@gmail.com,3212145123
Peter,peter@gmail.com,1454123145
Handscomb,handscomb@gmail.com,1021123123
Wealsy,wealsy@gmail.com,1451248756
Jack,jack@gmail.com,1454254123
Trek,trek@gmail.com,3216541230
Beck,beck@gmail.com,1012101210
